{"A":{"0":1.8309479437,"1":-0.1792306928,"2":0.3236468505,"3":-0.7587776328,"4":0.491406728,"5":0.4540518333,"6":-0.9676209148,"7":0.8160629472,"8":-1.3936170622,"9":0.3243946952},"B":{"0":-0.4113928485,"1":-0.2675374135,"2":0.0534902623,"3":-0.6169787954,"4":0.9989261494,"5":0.2051330575,"6":-1.0709892117,"7":-0.060292049,"8":1.718941777,"9":-1.1167408351},"C":{"0":-1.9982769587,"1":0.3807700357,"2":0.8140285197,"3":0.9175046639,"4":-0.048796694,"5":-0.9690868409,"6":-2.1838942037,"7":0.4264351697,"8":-0.6722613924,"9":0.2173997648},"D":{"0":0.1297723171,"1":-0.0701371515,"2":2.0182650525,"3":0.9879329935,"4":0.9021460813,"5":-1.0188627446,"6":0.1817018479,"7":-1.0080757402,"8":-0.8645210732,"9":0.645720104},"E":{"0":0.3914572019,"1":-0.6791771436,"2":-1.6622774185,"3":-0.493603409,"4":-0.4218881863,"5":-0.0568207706,"6":0.1180783668,"7":-1.2710932325,"8":1.2347983978,"9":1.2055168564}}